{"cameraMode":{"drawMode":0,"name":"Shaded","section":"Shading Mode"},"sceneLighting":true,"audioPlay":false,"sceneViewState":{"m_AlwaysRefresh":false,"showFog":true,"showSkybox":true,"showFlares":true,"showImageEffects":true,"showParticleSystems":true,"showVisualEffectGraphs":true,"m_FxEnabled":true},"in2DMode":false,"pivot":{"x":-0.3464091122150421,"y":0.4508705139160156,"z":-0.3135356903076172},"rotation":{"x":0.3956736922264099,"y":-0.00689438171684742,"z":0.0029683453030884268,"w":0.9183701276779175},"size":6.509454727172852,"orthographic":false}